user_id,first_name,last_name,email,city,country
1,Guy,Diaz,hartrobert@hotmail.com,Port Mario,Monaco
2,Amy,Foster,brianmendoza@yahoo.com,Port Jessicachester,Burkina Faso
3,Selena,Bullock,rogerwood@jones.info,Lake Amandaville,Faroe Islands
4,Crystal,Alvarez,gonzalezzachary@gmail.com,New Jeffrey,Philippines
5,Tammy,Williams,snyderaaron@gmail.com,Jeffreyton,Poland
6,Julie,Gardner,rwright@wheeler.com,Tinaberg,Belarus
7,Sherry,Smith,kmedina@flores.com,Port Mckenzie,Namibia
8,Cynthia,Leblanc,murillojacqueline@vaughn.com,Wardberg,Malaysia
9,Rachel,Chavez,butlerelizabeth@gmail.com,Blankenshipview,Uzbekistan
10,Jasmine,Yates,jamestina@moore-willis.info,Westmouth,Heard Island and McDonald Islands
11,Jerry,Simmons,john27@lewis-campos.com,West Jessicabury,Monaco
12,Carrie,Forbes,nolanlisa@acevedo-harrison.com,West Susan,Trinidad and Tobago
13,Makayla,Church,powellcourtney@hotmail.com,South Christopher,Armenia
14,Joshua,Hart,marilyn10@leonard.com,North Larrymouth,Cambodia
15,Gary,Johnston,ashley79@price.com,West Steven,United States Virgin Islands
16,Kelsey,Arnold,katherineacevedo@gmail.com,South Nicholas,Western Sahara
17,Darren,Pierce,pattersonmelanie@anderson-cisneros.com,South Megan,Falkland Islands (Malvinas)
18,Deanna,Bailey,nathanking@gmail.com,Raymouth,Lithuania
19,Mark,Morgan,kward@erickson-brock.com,North Lisaland,Paraguay
20,Allen,White,fisherkimberly@durham-johnson.biz,Wangstad,Argentina
21,Alison,Hodges,boothtracy@tanner-robles.com,Garyfort,Gambia
22,Jason,Romero,zjones@gmail.com,Staceyfurt,Pitcairn Islands
23,David,Johnson,judithrodriguez@hotmail.com,Lake Sandramouth,Jamaica
24,Kelli,Paul,qmcintyre@cantrell.net,Bellville,Egypt
25,Theresa,Brown,jessicaedwards@yahoo.com,Pachecochester,Papua New Guinea
26,Stacy,Miles,xwalker@yahoo.com,Fisherhaven,Qatar
27,Paul,Carson,tamarasingh@yahoo.com,Jamiechester,Benin
28,Michael,Coffey,edwardsbrenda@gmail.com,West Christine,Nauru
29,Regina,Le,billgreene@burns.com,Erikaton,Germany
30,Karen,Boyer,littlethomas@hotmail.com,Lake Patriciaport,Bolivia
31,Charles,Jones,marquezkeith@gmail.com,Rogersfort,Lithuania
32,Matthew,Burton,michelletaylor@baker.net,New Jeffrey,Gibraltar
33,Barbara,Wright,grahamchelsea@hotmail.com,Port Erinview,Namibia
34,Elizabeth,Cardenas,darrell67@cochran.net,Dawnburgh,Bouvet Island (Bouvetoya)
35,Casey,Rodriguez,leejoseph@kim.com,East Robyn,Sri Lanka
36,Gary,Anderson,rodriguezmeghan@donaldson.com,South Frank,Turks and Caicos Islands
37,Jamie,Jones,mcgrathlaura@roth.com,South Katelyn,Albania
38,David,Taylor,campbelljeffrey@rodriguez.net,North Christinachester,Cyprus
39,Amanda,Baxter,jacobsonjared@yahoo.com,South Morgan,Nauru
40,Hayden,Ortiz,melissaberry@hartman.org,Steventon,Northern Mariana Islands
41,Susan,Yates,diane55@salinas.com,Robbinshaven,Estonia
42,Timothy,Martin,alexisdavis@brown.org,Lake Danbury,Bahrain
43,Christopher,Taylor,hannah24@tucker.com,Savageview,Vanuatu
44,Stephanie,Torres,burgesspamela@obrien-sanchez.com,Swansonburgh,Bulgaria
45,Karen,Chapman,thomaszavala@schneider-perez.info,Markfort,Mongolia
46,Justin,Morgan,pamela22@hotmail.com,Dannyfort,Angola
47,Jeremy,Rodriguez,yewing@hotmail.com,Gutierrezstad,Congo
48,Wendy,Perkins,zachary76@gmail.com,Moorefurt,Nauru
49,Tyler,Cole,aerickson@yahoo.com,South Paige,Estonia
50,John,Cain,blewis@hotmail.com,East Crystal,Norfolk Island
51,Kelli,Harris,jenniferhale@gmail.com,New Joshua,Burundi
52,Marcia,Hill,jennifer15@gmail.com,Port Scottton,Uganda
53,Alyssa,Chang,maytheodore@porter.com,Mooretown,Guadeloupe
54,Randy,Turner,william15@richardson.com,Saramouth,Guernsey
55,Emily,Hernandez,aprilkent@donovan.com,Jonathanbury,Sierra Leone
56,Cameron,Kennedy,taylorwilliam@church-gonzalez.com,Nelsonside,Saint Helena
57,Natalie,Davis,kking@johnson.biz,Eatonfort,Northern Mariana Islands
58,Mark,Edwards,christinemcconnell@goodwin.com,North Jessica,Eritrea
59,Kristin,Bishop,juanbrown@ward-hicks.biz,Port Lauren,Burundi
60,Joseph,Conrad,kmills@kelly.com,Jonesstad,French Guiana
